name,accuracy,precision,recall,f1,auc
RandomForest,0.8315217391304348,0.8198198198198198,0.8921568627450981,0.8544600938967136,0.914454806312769
