name,accuracy,precision,recall,f1,auc
XGBoost,0.8369565217391305,0.8333333333333334,0.8823529411764706,0.8571428571428571,0.8804399808703969
RandomForest,0.8315217391304348,0.8198198198198198,0.8921568627450981,0.8544600938967136,0.914454806312769
LogisticRegression,0.8097826086956522,0.7964601769911505,0.8823529411764706,0.8372093023255814,0.9042324246771879
